{
  "Buz": 135752.94872652568,
  "Gefje": 537242.5999346897,
  "Xyjzo": 344288.0839621931,
  "Sogx": 244155.34286355652,
  "Rygnqd": 30420.0,
  "Kqlnyh": 135752.94872652568,
  "Melj": 537242.5999346897
}